tweet_id,conversation_id,created_at,created_at_date,author_id,author_username,lang,text_raw,like_count,reply_count,repost_count,quote_count,bookmark_count,impression_count,query_used,query_label,tweet_url,text_clean,relevance_score,is_relevant,relevance_reason,relevance_method,sentiment_label,sentiment_score,sentiment_rationale,sentiment_method,themes,themes_rationale,themes_method
1971212309063471442,1971212309063471442,2025-09-25T13:56:52Z,2025-09-25,1472147956757270528,AH27802154,in,"Bak Mobil Terbuka, Puluhan Ompreng   
atau Food Tray MBG Berserakan 
di Jalan Mesuji, Lampung, 
Selasa (23/9/2025)

Peristiwa itu terjadi di Simpang Mangga, 
Kecamatan Mesuji Timur, Lampung. 

Terlihat seorang pria mengumpulkan 
ompreng yang berceceran. https://t.co/b3SEb0kD0N",0,0,0,0,0,43,"(""food tray MBG"" OR ""tray MBG"" OR ""wadah MBG"" OR ""tempat makan MBG"" OR ""ompreng MBG"")",umum_tray_mbg,https://x.com/AH27802154/status/1971212309063471442,bak mobil terbuka puluhan ompreng atau food tray mbg berserakan di jalan mesuji lampung selasa 23 9 2025 peristiwa itu terjadi di simpang mangga kecamatan mesuji timur lampung terlihat seorang pria mengumpulkan ompreng yang berceceran,7,True,ompreng MBG berceceran/jatuh saat distribusi di Lampung,llm,negatif,-1,"berita insiden ompreng berceceran, implikasi handling buruk",llm,"[""handling_stackability""]",ompreng jatuh dari bak mobil saat distribusi,llm
1979021825100185743,1979021825100185743,2025-10-17T03:09:06Z,2025-10-17,1317307306728509441,giuseppinamnd,in,drama ompreng MBG ilang 🙂,11,4,0,0,0,679,"(""food tray MBG"" OR ""tray MBG"" OR ""wadah MBG"" OR ""tempat makan MBG"" OR ""ompreng MBG"")",umum_tray_mbg,https://x.com/giuseppinamnd/status/1979021825100185743,drama ompreng mbg ilang,5,True,"keluhan ompreng hilang di sekolah, implikasi handling/accountability",llm,negatif,-1,keluhan 'drama ompreng ilang',llm,"[""handling_stackability""]",tracking/hilang — masalah handling inventaris,llm
1978317467769508259,1978317467769508259,2025-10-15T04:30:14Z,2025-10-15,1747427035470045185,KhalidaNaf67403,in,Food Tray MBG wajib bersertifikat halal https://t.co/E6pd0uNQRy,0,0,0,0,0,1,"(""food tray MBG"" OR ""tray MBG"" OR ""wadah MBG"" OR ""tempat makan MBG"" OR ""ompreng MBG"")",umum_tray_mbg,https://x.com/KhalidaNaf67403/status/1978317467769508259,food tray mbg wajib bersertifikat halal,6,True,wacana sertifikasi halal food tray MBG,llm,netral,0,"statement regulasi, tanpa opini keras",llm,"[""material_keamanan""]",isu halal material tray,llm
1971100781056332251,1971100781056332251,2025-09-25T06:33:42Z,2025-09-25,3277108561,tusukancilok,in,"habis gini tugas guru bertambah 1 yakni ""ngitung ompreng mbg""",1,2,0,0,0,244,"(""food tray MBG"" OR ""tray MBG"" OR ""wadah MBG"" OR ""tempat makan MBG"" OR ""ompreng MBG"")",umum_tray_mbg,https://x.com/tusukancilok/status/1971100781056332251,habis gini tugas guru bertambah 1 yakni ngitung ompreng mbg,6,True,beban tambahan guru menghitung/mengelola ompreng,llm,negatif,-1,sarkasme beban kerja tambahan,llm,"[""ergonomi_penggunaan"", ""handling_stackability""]",beban operasional petugas dan inventory tracking,llm
1970406519956217939,1970406519956217939,2025-09-23T08:34:57Z,2025-09-23,10114952,adarwis,in,"Hasil uji coba lab di China, Food tray MBG terbukti berlapis minyak babi https://t.co/X107dUEZIg",432,40,203,17,29,40457,"(""food tray MBG"" OR ""tray MBG"" OR ""wadah MBG"" OR ""tempat makan MBG"" OR ""ompreng MBG"")",umum_tray_mbg,https://x.com/adarwis/status/1970406519956217939,hasil uji coba lab di china food tray mbg terbukti berlapis minyak babi,9,True,isu viral lapisan minyak babi di food tray MBG — material keamanan,llm,sangat_negatif,-2,"tuduhan material berlapis minyak babi, viral 432 likes",llm,"[""material_keamanan"", ""higienitas""]",klaim kontaminasi material tray,llm
1967884894853599525,1967884894853599525,2025-09-16T09:34:55Z,2025-09-16,219527452,suaramerdeka,in,"Fraksi PPP DPRD Jawa Tengah mendesak pemerintah pusat dalam hal ini BGN transparan dalam menuntaskan persoalan ompreng MBG yang dicurigai mengandung unsur babi.

https://t.co/UW3sxN6ng1

#suaramerdeka #suaramerdekacom #suaramerdekanetwork
#ompreng #mbg #bpom #jaminkehalalan https://t.co/TPU961b3Ju",1,0,0,0,0,301,"(""food tray MBG"" OR ""tray MBG"" OR ""wadah MBG"" OR ""tempat makan MBG"" OR ""ompreng MBG"")",umum_tray_mbg,https://x.com/suaramerdeka/status/1967884894853599525,fraksi ppp dprd jawa tengah mendesak pemerintah pusat dalam hal ini bgn transparan dalam menuntaskan persoalan ompreng mbg yang dicurigai mengandung unsur babi suaramerdeka suaramerdekacom suaramerdekanetwork ompreng mbg bpom jaminkehalalan,8,True,DPRD desak transparansi material ompreng MBG,llm,negatif,-1,isu politik material non-halal,llm,"[""material_keamanan""]",dugaan unsur babi di ompreng,llm
1980236305897513307,1980236305897513307,2025-10-20T11:35:00Z,2025-10-20,1428002673815482369,AiraNtiePuspa,in,"Guru skrg, selain hrs jago ngiket food tray MBG jg wajib punya skill Damkar😂😂😂
Kok bisa sii bocil ciwi ini nyangkut, mana permen nya ga dilepas pulaakk😂 https://t.co/Mn0LW9wqYy",49,8,10,0,2,20412,"(""food tray MBG"" OR ""tray MBG"" OR ""wadah MBG"" OR ""tempat makan MBG"" OR ""ompreng MBG"")",umum_tray_mbg,https://x.com/AiraNtiePuspa/status/1980236305897513307,guru skrg selain hrs jago ngiket food tray mbg jg wajib punya skill damkar kok bisa sii bocil ciwi ini nyangkut mana permen nya ga dilepas pulaakk,7,True,guru pakai skill tambahan ngiket food tray MBG — masalah stackability,llm,negatif,-1,sarkasme guru butuh skill Damkar untuk ngiket tray,llm,"[""handling_stackability"", ""ergonomi_penggunaan""]",ngiket tray eksplisit + beban kerja petugas,llm
1973949420527054954,1973949420527054954,2025-10-03T03:13:10Z,2025-10-03,1956873330126196736,wahyudira023,in,"Proses pencucian alat masak dan ompreng atau food tray MBG dilakukan dengan membersihkan sisa makanan hingga memanaskannya di dalam oven.
dukung terus program mbg ini 
Kontribusi Wujudkan Visi
#DukunganProgramPemerintah https://t.co/ZlJMF9nWoN",0,0,0,0,0,17,"(""food tray MBG"" OR ""tray MBG"" OR ""wadah MBG"" OR ""tempat makan MBG"" OR ""ompreng MBG"")",umum_tray_mbg,https://x.com/wahyudira023/status/1973949420527054954,proses pencucian alat masak dan ompreng atau food tray mbg dilakukan dengan membersihkan sisa makanan hingga memanaskannya di dalam oven dukung terus program mbg ini kontribusi wujudkan visi dukunganprogrampemerintah,7,True,deskripsi proses pencucian ompreng MBG di oven,llm,positif,1,"pujian proses sanitasi dengan oven, dukungan program",llm,"[""higienitas""]",proses pencucian dan sterilisasi oven,llm
1980021091692327076,1979125240681635880,2025-10-19T21:19:49Z,2025-10-19,401322611,hi_danti,in,"@andrew_mnhtns @lobaKaheureui @tempodotco Apa yg bisa diharapkan dari kelompok yg anggotanya pernah bilang kalo food tray MBG yg dari babi itu halal digunakan, asal udah dicuci 🧐
Entah lah bu**er yg ini mau nutupin kasus yg mana, atau mau ada kasus apa kedepannya. Tapi rasanya reaksinya terlalu berlebihan",4,0,0,0,0,169,"(""food tray MBG"" OR ""tray MBG"" OR ""wadah MBG"" OR ""tempat makan MBG"" OR ""ompreng MBG"")",umum_tray_mbg,https://x.com/hi_danti/status/1980021091692327076,apa yg bisa diharapkan dari kelompok yg anggotanya pernah bilang kalo food tray mbg yg dari babi itu halal digunakan asal udah dicuci entah lah bu er yg ini mau nutupin kasus yg mana atau mau ada kasus apa kedepannya tapi rasanya reaksinya terlalu berlebihan,8,True,kritik keras terhadap klaim food tray MBG berbahan babi halal asal dicuci,llm,sangat_negatif,-2,sarkasme keras terhadap pembelaan material babi,llm,"[""material_keamanan""]",kontroversi halal material tray dari China,llm
1971547998288294143,1971547998288294143,2025-09-26T12:10:47Z,2025-09-26,731393598797701125,NAWACIT4,in,"Menperin Akan Terapkan Aturan SNI Food Tray MBG, Simak Jadwalnya https://t.co/Dyq3WO99jk lewat @nawacit4",0,0,0,0,0,7,"(""food tray MBG"" OR ""tray MBG"" OR ""wadah MBG"" OR ""tempat makan MBG"" OR ""ompreng MBG"")",umum_tray_mbg,https://x.com/NAWACIT4/status/1971547998288294143,menperin akan terapkan aturan sni food tray mbg simak jadwalnya lewat,7,True,Menperin rencana SNI food tray MBG,llm,netral,0,statement regulasi netral,llm,"[""material_keamanan""]",regulasi SNI material tray,llm
1968918738356314159,1968918738356314159,2025-09-19T06:03:02Z,2025-09-19,888318006979252225,KlikSoloNews,in,"Presiden Prabowo Tanyakan Isu Minyak Babi dalam Food Tray MBG, Begini Jawaban Badan Gizi Nasional

https://t.co/YuOI4OOPaZ",0,0,0,0,0,45,"(""food tray MBG"" OR ""tray MBG"" OR ""wadah MBG"" OR ""tempat makan MBG"" OR ""ompreng MBG"")",umum_tray_mbg,https://x.com/KlikSoloNews/status/1968918738356314159,presiden prabowo tanyakan isu minyak babi dalam food tray mbg begini jawaban badan gizi nasional,7,True,Presiden respon isu minyak babi di food tray MBG,llm,netral,0,berita respon presiden tanpa opini,llm,"[""material_keamanan""]",kontroversi material tray,llm
1972589193772834967,1972589193772834967,2025-09-29T09:08:07Z,2025-09-29,1318833612821725184,IDNTimesBanten,in,"Viral Video Ompreng MBG Tercampur Limbah di Lebak, SPPG Akui Kelalaian https://t.co/nBEeCHzWUF",0,0,0,0,0,47,"(""food tray MBG"" OR ""tray MBG"" OR ""wadah MBG"" OR ""tempat makan MBG"" OR ""ompreng MBG"")",umum_tray_mbg,https://x.com/IDNTimesBanten/status/1972589193772834967,viral video ompreng mbg tercampur limbah di lebak sppg akui kelalaian,9,True,insiden ompreng MBG tercampur limbah di Lebak — higienitas parah,llm,sangat_negatif,-2,kasus kelalaian kebersihan — SPPG akui kelalaian,llm,"[""higienitas""]",ompreng tercampur limbah,llm
1973955273166643569,1973955273166643569,2025-10-03T03:36:26Z,2025-10-03,771847726568996865,Beculsa,in,"Proses pencucian alat masak dan ompreng atau food tray MBG dilakukan dengan membersihkan sisa makanan hingga memanaskannya di dalam oven.
semoga kedepannya bisa lebih baik lagi
Kontribusi Wujudkan Visi
#DukunganProgramPemerintah https://t.co/v09WlD1xAV",0,0,0,0,0,21,"(""food tray MBG"" OR ""tray MBG"" OR ""wadah MBG"" OR ""tempat makan MBG"" OR ""ompreng MBG"")",umum_tray_mbg,https://x.com/Beculsa/status/1973955273166643569,proses pencucian alat masak dan ompreng atau food tray mbg dilakukan dengan membersihkan sisa makanan hingga memanaskannya di dalam oven semoga kedepannya bisa lebih baik lagi kontribusi wujudkan visi dukunganprogrampemerintah,7,True,deskripsi proses pencucian ompreng di oven,llm,positif,1,dukungan proses sanitasi,llm,"[""higienitas""]",proses sanitasi oven,llm
1976245350697713739,1975794215595753817,2025-10-09T11:16:23Z,2025-10-09,1716101726263242752,Schuwandi19,in,@Homo_sapiens21 Serius? Itu tempat makan MBG ada sertifikat halalnya nggal Haikal?,1,0,0,0,0,53,"(""food tray MBG"" OR ""tray MBG"" OR ""wadah MBG"" OR ""tempat makan MBG"" OR ""ompreng MBG"")",umum_tray_mbg,https://x.com/Schuwandi19/status/1976245350697713739,serius itu tempat makan mbg ada sertifikat halalnya nggal haikal,5,True,pertanyaan sertifikasi halal tempat makan MBG,llm,negatif,-1,keraguan sertifikasi halal,llm,"[""material_keamanan""]",isu halal material,llm
1975940856722137473,1975924455223521397,2025-10-08T15:06:26Z,2025-10-08,1720665183188922368,grok,in,"Benar, food tray MBG awalnya impor dari China (dikonfirmasi BPJPH pas cek halal di sana, bebas kandungan babi). Tapi pemerintah lagi dorong produksi lokal lewat penghapusan izin impor bahan baku, biar UMKM bisa bersaing (sumber: https://t.co/26jd4acFBI, Juli 2025). Kemandirian emang proses, ini langkah awal. Kamu punya contoh lain?",0,1,0,0,0,68,"(""food tray MBG"" OR ""tray MBG"" OR ""wadah MBG"" OR ""tempat makan MBG"" OR ""ompreng MBG"")",umum_tray_mbg,https://x.com/grok/status/1975940856722137473,benar food tray mbg awalnya impor dari china dikonfirmasi bpjph pas cek halal di sana bebas kandungan babi tapi pemerintah lagi dorong produksi lokal lewat penghapusan izin impor bahan baku biar umkm bisa bersaing sumber juli 2025 kemandirian emang proses ini langkah awal kamu punya contoh lain,7,True,info material tray impor China dan upaya produksi lokal,llm,netral,0,statement netral dari bot grok,llm,"[""material_keamanan""]",asal material tray,llm
1975407125720625442,1975157202249040192,2025-10-07T03:45:34Z,2025-10-07,1835228761958367238,albert54769,in,"@03__nakula @grok klu tdk salah, nampan atau wadah MBG import dari cina ditengarai materialnya mengandung minyak babi. Bisakah diaudit materialnya scr forensik, apakah mengandung minyak babi? Siapa ahlinya? (ahli kimia atau...?).",0,2,0,0,0,29,"(""food tray MBG"" OR ""tray MBG"" OR ""wadah MBG"" OR ""tempat makan MBG"" OR ""ompreng MBG"")",umum_tray_mbg,https://x.com/albert54769/status/1975407125720625442,klu tdk salah nampan atau wadah mbg import dari cina ditengarai materialnya mengandung minyak babi bisakah diaudit materialnya scr forensik apakah mengandung minyak babi siapa ahlinya ahli kimia atau,8,True,"diskusi material nampan import China mengandung minyak babi, permintaan audit forensik",llm,negatif,-1,kekhawatiran material dan minta audit,llm,"[""material_keamanan""]",material tray impor diduga mengandung babi,llm
1975371230661517379,1975371230661517379,2025-10-07T01:22:56Z,2025-10-07,775909968,uuusyyyy,in,"Kalau food tray MBG produksi Cina dalam proses pembuatannya butuh minyak babi, bukankah tidak menutup kemungkinan kotak-kotak bekal stainless lainnya yang dari Cina juga pakai minyak babi?",1,0,0,0,0,32,"(""food tray MBG"" OR ""tray MBG"" OR ""wadah MBG"" OR ""tempat makan MBG"" OR ""ompreng MBG"")",umum_tray_mbg,https://x.com/uuusyyyy/status/1975371230661517379,kalau food tray mbg produksi cina dalam proses pembuatannya butuh minyak babi bukankah tidak menutup kemungkinan kotak kotak bekal stainless lainnya yang dari cina juga pakai minyak babi,7,True,pertanyaan kontaminasi material tray produksi China,llm,negatif,-1,keraguan material tray China,llm,"[""material_keamanan""]",isu proses produksi material,llm
1974475819272860058,1974475819272860058,2025-10-04T14:04:53Z,2025-10-04,4777398914,hargocoid,in,"Kembali Sidak Dapur SPPG, Wagub Idah Tekankan Aspek Kebersihan Food Tray MBG https://t.co/qhrCyJRbub #GorontaloMajudanSejahtera",0,0,0,0,0,20,"(""food tray MBG"" OR ""tray MBG"" OR ""wadah MBG"" OR ""tempat makan MBG"" OR ""ompreng MBG"")",umum_tray_mbg,https://x.com/hargocoid/status/1974475819272860058,kembali sidak dapur sppg wagub idah tekankan aspek kebersihan food tray mbg gorontalomajudansejahtera,7,True,Wagub tekankan kebersihan food tray MBG saat sidak,llm,netral,0,berita sidak kebersihan,llm,"[""higienitas""]",fokus kebersihan tray,llm
1974431518664835258,1974431120193372256,2025-10-04T11:08:51Z,2025-10-04,1823153224158728192,krisiparuhbaya,in,"@BudiBukanIntel Doi pikir buat parit untuk cuci tray mbg, shithead!",28,0,2,0,2,1854,"(""food tray MBG"" OR ""tray MBG"" OR ""wadah MBG"" OR ""tempat makan MBG"" OR ""ompreng MBG"")",umum_tray_mbg,https://x.com/krisiparuhbaya/status/1974431518664835258,doi pikir buat parit untuk cuci tray mbg shithead,6,True,sindiran cara mencuci tray MBG yang buruk,llm,sangat_negatif,-2,sarkasme keras tentang cara cuci tray di parit,llm,"[""higienitas""]",kritik proses pencucian tray,llm
1974403664195571944,1974379746147643721,2025-10-04T09:18:10Z,2025-10-04,268687443,Indonesiaguyub,in,"@DivHumas_Polri Satu lagi yang sangat penting di evaluasi. Tray tempat makan MBG itu harusnya ada ventilasi udara nya. Sehingga nasi dimasak jam 2 pagi, disajikan jam 12 siang, tidak basi dan berair (berlendir). Mau sanitasi bagaimanapun, kalau tray nya model spt itu, potensi basi tetap besar.",2,0,0,0,0,544,"(""food tray MBG"" OR ""tray MBG"" OR ""wadah MBG"" OR ""tempat makan MBG"" OR ""ompreng MBG"")",umum_tray_mbg,https://x.com/Indonesiaguyub/status/1974403664195571944,satu lagi yang sangat penting di evaluasi tray tempat makan mbg itu harusnya ada ventilasi udara nya sehingga nasi dimasak jam 2 pagi disajikan jam 12 siang tidak basi dan berair berlendir mau sanitasi bagaimanapun kalau tray nya model spt itu potensi basi tetap besar,10,True,saran desain eksplisit: tray butuh ventilasi udara untuk cegah basi,llm,negatif,-1,keluhan konkret + saran desain retensi suhu,llm,"[""retensi_suhu"", ""kebocoran_tumpah""]",ventilasi tray + nasi basi/berair karena tutup rapat,llm
1974061009150361997,1974061009150361997,2025-10-03T10:36:35Z,2025-10-03,1582972008479920129,BloombergTZ,in,"Soal Isu Minyak Babi, BPJPH Sebut Food Tray MBG Halal  https://t.co/6RmEUj9JyE",0,0,1,0,0,124,"(""food tray MBG"" OR ""tray MBG"" OR ""wadah MBG"" OR ""tempat makan MBG"" OR ""ompreng MBG"")",umum_tray_mbg,https://x.com/BloombergTZ/status/1974061009150361997,soal isu minyak babi bpjph sebut food tray mbg halal,6,True,BPJPH klarifikasi halal food tray MBG,llm,netral,0,berita klarifikasi resmi,llm,"[""material_keamanan""]",sertifikasi halal material tray,llm
1973936529446961387,1973936529446961387,2025-10-03T02:21:57Z,2025-10-03,1411905276509253637,F4h7eza,in,SPPG Polri menerapkan sistem sanitasi ketat utk memastikan program MBG higienis. Proses pencucian alat masak dan ompreng atau food tray MBG dilakukan dgn membersihkan sisa makanan hingga memanaskannya di dalam oven. #LanjutkanMBG,1,1,0,0,0,285,"(""food tray MBG"" OR ""tray MBG"" OR ""wadah MBG"" OR ""tempat makan MBG"" OR ""ompreng MBG"")",umum_tray_mbg,https://x.com/F4h7eza/status/1973936529446961387,sppg polri menerapkan sistem sanitasi ketat utk memastikan program mbg higienis proses pencucian alat masak dan ompreng atau food tray mbg dilakukan dgn membersihkan sisa makanan hingga memanaskannya di dalam oven lanjutkanmbg,6,True,narasi sanitasi SPPG Polri dengan oven,llm,positif,1,klaim sanitasi ketat,llm,"[""higienitas""]",sistem sanitasi tray,llm
1973933197684846601,1973933197684846601,2025-10-03T02:08:42Z,2025-10-03,1307860511317352450,ExxaLatifa,in,SPPG Polri telah menerapkan sistem sanitasi ketat untuk memastikan program MBG higienis. Proses pencucian alat masak dan ompreng atau food tray MBG dilakukan dengan membersihkn sisa makanan hingga memanaskannya di dalam oven. #LanjutkanMBG,1,0,0,0,0,474,"(""food tray MBG"" OR ""tray MBG"" OR ""wadah MBG"" OR ""tempat makan MBG"" OR ""ompreng MBG"")",umum_tray_mbg,https://x.com/ExxaLatifa/status/1973933197684846601,sppg polri telah menerapkan sistem sanitasi ketat untuk memastikan program mbg higienis proses pencucian alat masak dan ompreng atau food tray mbg dilakukan dengan membersihkn sisa makanan hingga memanaskannya di dalam oven lanjutkanmbg,6,True,duplikat narasi sanitasi SPPG Polri,llm,positif,1,klaim sanitasi ketat,llm,"[""higienitas""]",sistem sanitasi tray,llm
1973645522243297545,1973645522243297545,2025-10-02T07:05:35Z,2025-10-02,1501606510979256323,Duren___,in,"EMANG BGINI
Cara cuci food tray MBG??
Netizen pasti ngomel2... https://t.co/J9qAKjw0KS",110,28,54,2,3,3706,"(""food tray MBG"" OR ""tray MBG"" OR ""wadah MBG"" OR ""tempat makan MBG"" OR ""ompreng MBG"")",umum_tray_mbg,https://x.com/Duren___/status/1973645522243297545,emang bgini cara cuci food tray mbg netizen pasti ngomel2,9,True,viral video cara cuci food tray MBG yang buruk,llm,sangat_negatif,-2,keluhan viral proses cuci yang tidak higienis,llm,"[""higienitas""]",cara cuci tray buruk viral,llm
1973367898933739873,1973311370469974321,2025-10-01T12:42:25Z,2025-10-01,750716659,tyleastoire,in,"@upsydipsy Eh tapi bener loh, udah hampir seminggu anak-anak langsung pindahin makanan dari tray MBG ke wadah yang mereka bawa, udah pada ga mau makan itu. 😂",0,0,0,0,0,13,"(""food tray MBG"" OR ""tray MBG"" OR ""wadah MBG"" OR ""tempat makan MBG"" OR ""ompreng MBG"")",umum_tray_mbg,https://x.com/tyleastoire/status/1973367898933739873,eh tapi bener loh udah hampir seminggu anak anak langsung pindahin makanan dari tray mbg ke wadah yang mereka bawa udah pada ga mau makan itu,9,True,laporan anak pindahkan makanan dari tray MBG — penolakan wadah,llm,sangat_negatif,-2,"anak-anak tolak makan dari tray MBG, pindah ke wadah sendiri",llm,"[""higienitas"", ""material_keamanan""]",penolakan terhadap wadah karena kepercayaan pada kebersihan/keamanan,llm
1971542031848927537,1971542031848927537,2025-09-26T11:47:04Z,2025-09-26,50661546,adiwdj,in,"Mohon pendapat ahli. Apakah layak memasukkan Y*ku*lt pada ompreng MBG tertutup bersama makanan hangat? Padahal di suhu ruang hanya bertahan 4-10 jam.  Satu lagi, apakah produk tersebut dianggap sebagai pengganti susu? Setahu saya isinya probiotik, rendah protein, dan tinggi gula. https://t.co/gewedUcr4y",0,0,0,0,0,190,"((""food tray MBG"" OR ""tray MBG"" OR ""ompreng MBG"" OR ""wadah MBG"") AND (dingin OR panas OR hangat OR suhu OR basi OR ""cepat basi""))",isu_suhu,https://x.com/adiwdj/status/1971542031848927537,mohon pendapat ahli apakah layak memasukkan y ku lt pada ompreng mbg tertutup bersama makanan hangat padahal di suhu ruang hanya bertahan 4 10 jam satu lagi apakah produk tersebut dianggap sebagai pengganti susu setahu saya isinya probiotik rendah protein dan tinggi gula,9,True,pertanyaan ahli: layak Yakult dengan makanan hangat di ompreng tertutup — retensi suhu,llm,negatif,-1,kekhawatiran keamanan pangan karena suhu dan tutup rapat,llm,"[""retensi_suhu"", ""material_keamanan""]",isu suhu ruang & kualitas isi di dalam ompreng tertutup,llm
1975857668515565659,1975857668515565659,2025-10-08T09:35:52Z,2025-10-08,3318799742,akhyar_22,in,"Stainless Steel:

+: 
Mudah dibersihkan, 
Suhu makanan awet (lebih awet lagi kalau pake lunch bag)
-:
Harus dicuci abis makan entar jadi berbekas, 
Sebelum beli, cek dlu bahannya food grade ga (ingat, Ompreng MBG beracun + Minyak babi itu dari stainless steel)",117,0,19,1,28,36642,"((""food tray MBG"" OR ""tray MBG"" OR ""ompreng MBG"" OR ""wadah MBG"") AND (dingin OR panas OR hangat OR suhu OR basi OR ""cepat basi""))",isu_suhu,https://x.com/akhyar_22/status/1975857668515565659,stainless steel mudah dibersihkan suhu makanan awet lebih awet lagi kalau pake lunch bag harus dicuci abis makan entar jadi berbekas sebelum beli cek dlu bahannya food grade ga ingat ompreng mbg beracun minyak babi itu dari stainless steel,8,True,review pros-cons material stainless untuk ompreng MBG,llm,negatif,-1,peringatan ompreng MBG beracun + minyak babi,llm,"[""material_keamanan"", ""retensi_suhu""]",analisis material stainless: awet suhu + peringatan non food grade,llm
1968921423012942265,1968843315228430546,2025-09-19T06:13:42Z,2025-09-19,353077662,_P0T4T0_,in,"@dewapuci @mbuntt Saya sampe tiap hari sebelom jam MBG dibagikan, udah sampai di sekolah anak. Lengkap bawa nasi lauk, ditambah kotak makan kosong. Setelah ompreng MBG dibagikan, saya suruh anak saya datang ke saya. Saya endus2 dulu, cicip dikit, cek daging dan sayurnya, ada yg aneh atau basi ga.",0,1,1,0,0,93,"((""food tray MBG"" OR ""tray MBG"" OR ""ompreng MBG"" OR ""wadah MBG"") AND (dingin OR panas OR hangat OR suhu OR basi OR ""cepat basi""))",isu_suhu,https://x.com/_P0T4T0_/status/1968921423012942265,saya sampe tiap hari sebelom jam mbg dibagikan udah sampai di sekolah anak lengkap bawa nasi lauk ditambah kotak makan kosong setelah ompreng mbg dibagikan saya suruh anak saya datang ke saya saya endus2 dulu cicip dikit cek daging dan sayurnya ada yg aneh atau basi ga,9,True,orangtua cek manual apakah makanan di ompreng basi/aneh — ketidakpercayaan,llm,sangat_negatif,-2,"kehilangan kepercayaan, cek langsung apakah basi",llm,"[""retensi_suhu"", ""higienitas""]",khawatir basi + keamanan pangan,llm
1969808061926969371,1969745748490408271,2025-09-21T16:56:53Z,2025-09-21,1565707365735088128,andemha67,in,"@Anak__Ogi @DivHumas_Polri @Gerindra Harusnya ada mou antara dapur dan sekolah. Kl ada keracunan dapur bertangung jawab dan didenda 10 oer anak yg keracunan.
Trauma lho itu anak yg keracunan.
Lihat tray mbg aja entar sudah keringat dingin. Boro2 bisa menikmati",0,1,0,0,0,1612,"((""food tray MBG"" OR ""tray MBG"" OR ""ompreng MBG"" OR ""wadah MBG"") AND (dingin OR panas OR hangat OR suhu OR basi OR ""cepat basi""))",isu_suhu,https://x.com/andemha67/status/1969808061926969371,harusnya ada mou antara dapur dan sekolah kl ada keracunan dapur bertangung jawab dan didenda 10 oer anak yg keracunan trauma lho itu anak yg keracunan lihat tray mbg aja entar sudah keringat dingin boro2 bisa menikmati,6,True,trauma anak keracunan dari tray MBG,llm,sangat_negatif,-2,trauma + keringat dingin melihat tray,llm,"[""higienitas"", ""material_keamanan""]",keracunan + trauma asosiasi dengan tray,llm
1971223491111494130,1971193992391033134,2025-09-25T14:41:18Z,2025-09-25,1075114354377256960,Rakha_boumi,in,"@ekakunjeri Seringnya dapat nasi yang basi,murid diwajibkan bawa wadah buat dibawa pulang asal wadah MBG bersih.",0,0,0,0,0,152,"((""food tray MBG"" OR ""tray MBG"" OR ""ompreng MBG"" OR ""wadah MBG"") AND (dingin OR panas OR hangat OR suhu OR basi OR ""cepat basi""))",isu_suhu,https://x.com/Rakha_boumi/status/1971223491111494130,seringnya dapat nasi yang basi murid diwajibkan bawa wadah buat dibawa pulang asal wadah mbg bersih,10,True,keluhan eksplisit nasi basi + wadah MBG dibawa pulang,llm,sangat_negatif,-2,keluhan nasi basi rutin,llm,"[""retensi_suhu"", ""higienitas""]",nasi basi + kebersihan wadah,llm
1973284058403877150,1973284058403877150,2025-10-01T07:09:16Z,2025-10-01,1354802822282285072,Ote_Sibn,in,Ya Allah kuatkanlah pihak yang ngebukain wadah MBG basi punya temen gw🙏🙏🙏,0,0,0,0,0,6,"((""food tray MBG"" OR ""tray MBG"" OR ""ompreng MBG"" OR ""wadah MBG"") AND (dingin OR panas OR hangat OR suhu OR basi OR ""cepat basi""))",isu_suhu,https://x.com/Ote_Sibn/status/1973284058403877150,ya allah kuatkanlah pihak yang ngebukain wadah mbg basi punya temen gw,9,True,keluhan wadah MBG berisi makanan basi — doa kekuatan untuk yang buka,llm,sangat_negatif,-2,sarkasme eksplisit tentang makanan basi,llm,"[""retensi_suhu""]",keluhan basi di wadah,llm
1970268980574331075,1969929640321175848,2025-09-22T23:28:25Z,2025-09-22,1572064228382769154,ekosaputro2404,in,"@Fafaakk @ARSIPAJA Jenengan habis masak masih panas langsung ditutup kayak wadah MBG tidak mbak jualannya? Atau di diamkan dulu sampai dingin baru ditutup wadah, jualan anda berapa pcs sehari?",0,1,0,0,0,2679,"((""food tray MBG"" OR ""tray MBG"" OR ""ompreng MBG"" OR ""wadah MBG"") AND (dingin OR panas OR hangat OR suhu OR basi OR ""cepat basi""))",isu_suhu,https://x.com/ekosaputro2404/status/1970268980574331075,jenengan habis masak masih panas langsung ditutup kayak wadah mbg tidak mbak jualannya atau di diamkan dulu sampai dingin baru ditutup wadah jualan anda berapa pcs sehari,9,True,kritik SOP wadah MBG ditutup saat panas — penyebab basi,llm,negatif,-1,kritik proses tutup wadah saat panas langsung,llm,"[""retensi_suhu"", ""kebocoran_tumpah""]",tutup wadah saat panas menyebabkan masalah,llm
1968912859389186372,1968891596646056240,2025-09-19T05:39:40Z,2025-09-19,1492076413452619778,metapros99,in,"@tanyarlfes Pernah liat postingan content creator yang dulu mantan burh pabrik sejenis food tray ini, dia jelasin cara pembuatan food tray salah satu tahap nya disiram dengan minyak yang panas, supaya ga lengket. Di case ini food tray MBG info nya dari Cina bukan dari UMKM.",0,1,0,0,0,1814,"((""food tray MBG"" OR ""tray MBG"" OR ""ompreng MBG"" OR ""wadah MBG"") AND (dingin OR panas OR hangat OR suhu OR basi OR ""cepat basi""))",isu_suhu,https://x.com/metapros99/status/1968912859389186372,pernah liat postingan content creator yang dulu mantan burh pabrik sejenis food tray ini dia jelasin cara pembuatan food tray salah satu tahap nya disiram dengan minyak yang panas supaya ga lengket di case ini food tray mbg info nya dari cina bukan dari umkm,8,True,info proses produksi food tray pakai minyak panas untuk anti-lengket,llm,negatif,-1,keraguan proses produksi material tray China,llm,"[""material_keamanan""]",proses produksi material tray,llm
1970096254974915016,1969929640321175848,2025-09-22T12:02:04Z,2025-09-22,1395713255637585923,Budionotaslim3,in,"@ARSIPAJA Se7,penyataan Yth Sultan HB X Saya dengar Dapur MBG memang jam 2-3 pagi itu nasi dan lauk sdh dimasukan Wadah MBG sedangkan pembagian kpd siswa siang hari klo tdk basi itu keberuntungan saja",1,0,0,0,0,40,"((""food tray MBG"" OR ""tray MBG"" OR ""ompreng MBG"" OR ""wadah MBG"") AND (dingin OR panas OR hangat OR suhu OR basi OR ""cepat basi""))",isu_suhu,https://x.com/Budionotaslim3/status/1970096254974915016,se7 penyataan yth sultan hb x saya dengar dapur mbg memang jam 2 3 pagi itu nasi dan lauk sdh dimasukan wadah mbg sedangkan pembagian kpd siswa siang hari klo tdk basi itu keberuntungan saja,10,True,"keluhan eksplisit: nasi dimasak jam 2-3 pagi dalam wadah, disajikan siang, rawan basi",llm,sangat_negatif,-2,keluhan konkret alur waktu produksi-distribusi,llm,"[""retensi_suhu""]",rentang waktu panjang di wadah = rawan basi,llm
1971235217093591277,1971062103802036616,2025-09-25T15:27:54Z,2025-09-25,521009839,SagitaP_,in,"@ceritasisikanan @gebethcalled @ARSIPAJA nyokap gw punya catering besar di jakarta, menurut beliau wadah MBG itu kan aluminum, kalo makanan panas langsung ditutup, pasti potensi basi lebih gede. mengingat sekali jalan bisa ratusan porsi, pasti mereka masak dari malem, baru disajiin besok paginya. udh rawan segala2nya",3,0,0,0,0,137,"((""food tray MBG"" OR ""tray MBG"" OR ""ompreng MBG"" OR ""wadah MBG"") AND (dingin OR panas OR hangat OR suhu OR basi OR ""cepat basi""))",isu_suhu,https://x.com/SagitaP_/status/1971235217093591277,nyokap gw punya catering besar di jakarta menurut beliau wadah mbg itu kan aluminum kalo makanan panas langsung ditutup pasti potensi basi lebih gede mengingat sekali jalan bisa ratusan porsi pasti mereka masak dari malem baru disajiin besok paginya udh rawan segala2nya,10,True,kritik teknis: wadah aluminum + ditutup panas + ratusan porsi = rawan basi,llm,sangat_negatif,-2,"analisis teknis pemilik catering besar, keluhan fundamental",llm,"[""retensi_suhu"", ""material_keamanan"", ""kebocoran_tumpah""]",material aluminum + tutup panas + volume besar,llm
1971744023028392271,1971573426268798988,2025-09-27T01:09:42Z,2025-09-27,1488338169129234432,welek92,in,"@zakiberkata Kalau keadaan makanan itu masi hangat dia akan ngeluarin uap
Sedangkan wadah MBG yaitu stainlis yg mana jg bs menyimpan panas, d sajikan campur mulai nasi sm lauknya, trs di tutup rapat siangnya mulai di makan oleh siswa
Uap itu ga bs kluar dn bs menimbulkan kontaminasi bakteri",0,0,0,0,0,171,"((""food tray MBG"" OR ""tray MBG"" OR ""ompreng MBG"" OR ""wadah MBG"") AND (dingin OR panas OR hangat OR suhu OR basi OR ""cepat basi""))",isu_suhu,https://x.com/welek92/status/1971744023028392271,kalau keadaan makanan itu masi hangat dia akan ngeluarin uap sedangkan wadah mbg yaitu stainlis yg mana jg bs menyimpan panas d sajikan campur mulai nasi sm lauknya trs di tutup rapat siangnya mulai di makan oleh siswa uap itu ga bs kluar dn bs menimbulkan kontaminasi bakteri,10,True,analisis teknis: stainless simpan panas + tutup rapat = kontaminasi bakteri,llm,sangat_negatif,-2,penjelasan mekanisme kontaminasi dari uap terperangkap,llm,"[""retensi_suhu"", ""kebocoran_tumpah"", ""higienitas""]",mekanisme uap-bakteri karena tutup rapat stainless,llm
1960327929965248622,1960327929965248622,2025-08-26T13:06:14Z,2025-08-26,100182925,detikfood,in,"Ompreng MBG Pakai Bahan Stainless Steel, Ini Kelebihannya https://t.co/4mDadDL514",0,1,0,0,0,247,"((""food tray MBG"" OR ""tray MBG"" OR ""ompreng MBG"") AND (stainless OR ""ss 304"" OR ""food grade"" OR bahan OR karat))",isu_material,https://x.com/detikfood/status/1960327929965248622,ompreng mbg pakai bahan stainless steel ini kelebihannya,6,True,berita stainless steel untuk ompreng dan kelebihannya,llm,positif,1,berita info material,llm,"[""material_keamanan""]",material stainless tray,llm
1965586865043767593,1965586865043767593,2025-09-10T01:23:22Z,2025-09-10,45602536,GunRomli,in,"Nampan (food tray) MBG ini kan terbuat stainless, apa bisa stainless mengandung lemak babi? Atau ini dalih untuk jalan-jalan ke China? Drpd ribut soal nampan & alasan mengada-ada, lebih baik fokus MBG jgn sampe ada keracunan lg",376,97,100,9,9,14742,"((""food tray MBG"" OR ""tray MBG"" OR ""ompreng MBG"") AND (stainless OR ""ss 304"" OR ""food grade"" OR bahan OR karat))",isu_material,https://x.com/GunRomli/status/1965586865043767593,nampan food tray mbg ini kan terbuat stainless apa bisa stainless mengandung lemak babi atau ini dalih untuk jalan jalan ke china drpd ribut soal nampan alasan mengada ada lebih baik fokus mbg jgn sampe ada keracunan lg,7,True,pertanyaan/kritik politik: bisakah stainless mengandung lemak babi?,llm,negatif,-1,kritik politik terhadap isu material,llm,"[""material_keamanan""]",material stainless + isu halal,llm
1969739695371538671,1969584964867133614,2025-09-21T12:25:14Z,2025-09-21,1220676420906602497,YanAndreas5,in,"@Kodokodar Perang Candu oleh Inggris melawan warga Tiongkok.
Inilah perang candu modern: ompreng MBG diimport dengan bukti terdapat kandungan logam berbahaya, ompreng MBG yg tidak food grade, dari Tiongkok-kah ompreng MBG yg tidak food grade? @grok  apakah ompreng MBG mengandung lemak babi?",0,1,0,0,0,430,"((""food tray MBG"" OR ""tray MBG"" OR ""ompreng MBG"") AND (stainless OR ""ss 304"" OR ""food grade"" OR bahan OR karat))",isu_material,https://x.com/YanAndreas5/status/1969739695371538671,perang candu oleh inggris melawan warga tiongkok inilah perang candu modern ompreng mbg diimport dengan bukti terdapat kandungan logam berbahaya ompreng mbg yg tidak food grade dari tiongkok kah ompreng mbg yg tidak food grade apakah ompreng mbg mengandung lemak babi,9,True,tuduhan ompreng tidak food grade + kandungan logam berbahaya + impor Tiongkok,llm,sangat_negatif,-2,tuduhan tegas bahaya material tray impor,llm,"[""material_keamanan"", ""higienitas""]",non food grade + logam berbahaya + potensi kontaminasi,llm
1960682420472308063,1960682420472308063,2025-08-27T12:34:51Z,2025-08-27,1902243031878922240,detikkalimantan,in,"Salah Satu Stainless Steel Ompreng MBG Belum Food Grade, Apa Dampaknya? https://t.co/o1OoMdzBll",0,0,0,0,0,21,"((""food tray MBG"" OR ""tray MBG"" OR ""ompreng MBG"") AND (stainless OR ""ss 304"" OR ""food grade"" OR bahan OR karat))",isu_material,https://x.com/detikkalimantan/status/1960682420472308063,salah satu stainless steel ompreng mbg belum food grade apa dampaknya,8,True,berita dampak stainless ompreng belum food grade,llm,negatif,-1,berita dampak material non food grade,llm,"[""material_keamanan""]",stainless tidak food grade,llm
1969729029801681150,1969554668758970532,2025-09-21T11:42:51Z,2025-09-21,1720665183188922368,grok,in,"Benar, food tray MBG diimpor dari China karena produksi lokal belum cukup untuk kebutuhan program besar, menurut BGN. Tapi Indonesia punya pabrik stainless seperti Bima & Jaya Stainless. Di pondok pesantren, tray serupa emang udah dipakai lama sebelum MBG. Soal halal, NU Pusat bilang ok kalau dicuci bersih, tapi NU DKI beda pendapat.",0,1,0,0,0,65,"((""food tray MBG"" OR ""tray MBG"" OR ""ompreng MBG"") AND (stainless OR ""ss 304"" OR ""food grade"" OR bahan OR karat))",isu_material,https://x.com/grok/status/1969729029801681150,benar food tray mbg diimpor dari china karena produksi lokal belum cukup untuk kebutuhan program besar menurut bgn tapi indonesia punya pabrik stainless seperti bima jaya stainless di pondok pesantren tray serupa emang udah dipakai lama sebelum mbg soal halal nu pusat bilang ok kalau dicuci bersih tapi nu dki beda pendapat,6,True,info grok tentang impor vs produksi lokal tray,llm,netral,0,info netral,llm,"[""material_keamanan""]",asal material tray,llm
1969066329383518268,1968993475715596612,2025-09-19T15:49:31Z,2025-09-19,735264211459153922,adisejuta,in,@arbi7tamara @fat_bry @txtfrombrand Dua2nya statusnya najis krn bahan dr babi disamak (kulit) ato dicuci (yg lain) ga ilang najisnya. Klo tray MBG yg diproses pk pelumas dr minyak babi bisa disucikan,0,1,0,0,1,377,"((""food tray MBG"" OR ""tray MBG"" OR ""ompreng MBG"") AND (stainless OR ""ss 304"" OR ""food grade"" OR bahan OR karat))",isu_material,https://x.com/adisejuta/status/1969066329383518268,dua2nya statusnya najis krn bahan dr babi disamak kulit ato dicuci yg lain ga ilang najisnya klo tray mbg yg diproses pk pelumas dr minyak babi bisa disucikan,7,True,fiqh: tray MBG yang diproses dengan pelumas minyak babi bisa disucikan,llm,netral,0,diskusi fiqh najis,llm,"[""material_keamanan""]",status halal material,llm
1960900122688082076,1960900122688082076,2025-08-28T02:59:55Z,2025-08-28,1905086631276912640,sasaputri466403,in,Heboh Ompreng MBG Impor Diduga Mengandung Minyak Babi Kepala Badan Gizi Nasional (BGN) Dadan Hindayana buka suara soal ompreng atau food tray Makan Bergizi Gratis (MBG) yang diimpor dari China diduga mengandung bahan berbahaya dan minyak babi.,1,0,0,0,0,322,"((""food tray MBG"" OR ""tray MBG"" OR ""ompreng MBG"") AND (stainless OR ""ss 304"" OR ""food grade"" OR bahan OR karat))",isu_material,https://x.com/sasaputri466403/status/1960900122688082076,heboh ompreng mbg impor diduga mengandung minyak babi kepala badan gizi nasional bgn dadan hindayana buka suara soal ompreng atau food tray makan bergizi gratis mbg yang diimpor dari china diduga mengandung bahan berbahaya dan minyak babi,8,True,berita ompreng impor diduga bahan berbahaya & minyak babi,llm,negatif,-1,berita kontroversial material,llm,"[""material_keamanan""]",material impor diduga berbahaya,llm
1961256571473920385,1961256571473920385,2025-08-29T02:36:19Z,2025-08-29,23343960,kompascom,in,Menteri Perdagangan (Mendag) Budi Santoso mengusulkan soal pemberian label standar nasional Indonesia (SNI) untuk food tray atau nampan makanan. Hal ini sebagai respons atas ramainya kabar seputar food tray diduga mengandung bahan nonhalal.,4,1,4,1,3,4192,"((""food tray MBG"" OR ""tray MBG"" OR ""ompreng MBG"") AND (stainless OR ""ss 304"" OR ""food grade"" OR bahan OR karat))",isu_material,https://x.com/kompascom/status/1961256571473920385,menteri perdagangan mendag budi santoso mengusulkan soal pemberian label standar nasional indonesia sni untuk food tray atau nampan makanan hal ini sebagai respons atas ramainya kabar seputar food tray diduga mengandung bahan nonhalal,8,True,Mendag usul SNI food tray MBG sebagai respon isu nonhalal,llm,netral,0,berita regulasi SNI,llm,"[""material_keamanan""]",standar SNI tray,llm
1979891965933302208,1979869286664695841,2025-10-19T12:46:43Z,2025-10-19,1387337110647017476,mengagetkan,in,@eatkiyoshi Aku menyadarinya krn mengingat2 aku alergi karat…. dan berita food tray MBG,0,1,0,0,0,13,"((""food tray MBG"" OR ""tray MBG"" OR ""ompreng MBG"") AND (stainless OR ""ss 304"" OR ""food grade"" OR bahan OR karat))",isu_material,https://x.com/mengagetkan/status/1979891965933302208,aku menyadarinya krn mengingat2 aku alergi karat dan berita food tray mbg,5,True,sadar alergi karat karena berita tray MBG,llm,negatif,-1,alergi karat + asosiasi negatif tray,llm,"[""material_keamanan""]",karat sebagai isu material,llm
1962402271381360723,1960620075532038624,2025-09-01T06:28:55Z,2025-09-01,1952206483464355840,Gfairloves,in,"@tanyakanrl tolong dong pemerintah soal food tray MBG ini segera dikonfirmasi dan dibenahi, jika memang ada yg mengandung babi dan memakai bahan yg tdk food grade maka bisa ditarik dan diganti dgn yg free babi dan food grade. Juga pertanggung jawabannya untuk yg sudah terlanjur mengkonsumsi",1,0,0,0,0,3,"((""food tray MBG"" OR ""tray MBG"" OR ""ompreng MBG"") AND (stainless OR ""ss 304"" OR ""food grade"" OR bahan OR karat))",isu_material,https://x.com/Gfairloves/status/1962402271381360723,tolong dong pemerintah soal food tray mbg ini segera dikonfirmasi dan dibenahi jika memang ada yg mengandung babi dan memakai bahan yg tdk food grade maka bisa ditarik dan diganti dgn yg free babi dan food grade juga pertanggung jawabannya untuk yg sudah terlanjur mengkonsumsi,9,True,tuntutan konfirmasi dan penggantian tray bila terbukti mengandung babi/non food grade,llm,negatif,-1,tuntutan aksi konkret + tanggung jawab,llm,"[""material_keamanan""]",desakan ganti material tray,llm
1963214177331183643,1963214177331183643,2025-09-03T12:15:09Z,2025-09-03,738702302110834689,radarbangsa_com,in,Anggota Komisi IX DPR RI Neng Eem meminta Badan Gizi Nasional (BGN) memastikan keamanan bahan ompreng yang digunakan dalam program Makan Bergizi Gratis (MBG) usai adanya dugaan penggunaan ompreng mengandung minyak babi.,0,0,0,0,0,89,"((""food tray MBG"" OR ""tray MBG"" OR ""ompreng MBG"") AND (stainless OR ""ss 304"" OR ""food grade"" OR bahan OR karat))",isu_material,https://x.com/radarbangsa_com/status/1963214177331183643,anggota komisi ix dpr ri neng eem meminta badan gizi nasional bgn memastikan keamanan bahan ompreng yang digunakan dalam program makan bergizi gratis mbg usai adanya dugaan penggunaan ompreng mengandung minyak babi,7,True,DPR desak BGN pastikan keamanan bahan ompreng,llm,negatif,-1,tekanan politik keamanan material,llm,"[""material_keamanan""]",keamanan bahan ompreng,llm
1959936012051984408,1959936012051984408,2025-08-25T11:08:53Z,2025-08-25,1159829767094333440,fanxylin,in,ss201 engga food grade tapi dipake tray mbg bukan karena keracunan makanan tapi keracunan logam berat iki pembunuhan berencana cok,0,1,0,0,0,37,"((""food tray MBG"" OR ""tray MBG"" OR ""ompreng MBG"") AND (stainless OR ""ss 304"" OR ""food grade"" OR bahan OR karat))",isu_material,https://x.com/fanxylin/status/1959936012051984408,ss201 engga food grade tapi dipake tray mbg bukan karena keracunan makanan tapi keracunan logam berat iki pembunuhan berencana cok,9,True,tuduhan keras ss201 non food grade dipakai tray = keracunan logam berat,llm,sangat_negatif,-2,tuduhan ekstrem 'pembunuhan berencana' dari logam berat,llm,"[""material_keamanan""]",ss201 non food grade + logam berat,llm
1963134067412754817,1963134067412754817,2025-09-03T06:56:49Z,2025-09-03,423220305,ANTARABengkulu,in,Anggota Komisi IX DPR RI Neng Eem meminta Badan Gizi Nasional (BGN) memastikan keamanan bahan ompreng yang digunakan dalam program Makan Bergizi Gratis (MBG) usai adanya dugaan penggunaan ompreng mengandung minyak babi.,0,0,0,0,0,95,"((""food tray MBG"" OR ""tray MBG"" OR ""ompreng MBG"") AND (stainless OR ""ss 304"" OR ""food grade"" OR bahan OR karat))",isu_material,https://x.com/ANTARABengkulu/status/1963134067412754817,anggota komisi ix dpr ri neng eem meminta badan gizi nasional bgn memastikan keamanan bahan ompreng yang digunakan dalam program makan bergizi gratis mbg usai adanya dugaan penggunaan ompreng mengandung minyak babi,7,True,berita DPR desak keamanan material ompreng MBG,llm,negatif,-1,tekanan politik material,llm,"[""material_keamanan""]",keamanan material ompreng,llm
1960609091090571557,1960607077967212622,2025-08-27T07:43:28Z,2025-08-27,1365570910422405125,ruki_yahea,in,"@DewiFelicita Kenapa program kesehatan hanya menjadi pendukung MBG?
Kenapa MBG diberikan pada anak sekolah, padahal seharusnya diberikan di 3 tahun pertama kehidupan anak?
Kenapa tray MBG menggunakan Stainless steel 201 yang toda tidak food grade?",3,1,0,0,0,99,"((""food tray MBG"" OR ""tray MBG"" OR ""ompreng MBG"") AND (stainless OR ""ss 304"" OR ""food grade"" OR bahan OR karat))",isu_material,https://x.com/ruki_yahea/status/1960609091090571557,kenapa program kesehatan hanya menjadi pendukung mbg kenapa mbg diberikan pada anak sekolah padahal seharusnya diberikan di 3 tahun pertama kehidupan anak kenapa tray mbg menggunakan stainless steel 201 yang toda tidak food grade,8,True,pertanyaan kritis: kenapa tray pakai SS201 yang tidak food grade,llm,negatif,-1,kritik teknis pilihan material SS201,llm,"[""material_keamanan""]",SS201 non food grade,llm
1969332854002770048,1968998882223726952,2025-09-20T09:28:35Z,2025-09-20,482025407,arkho_,in,"@M62850239 @pramudyaarif90 Betul, ini yang harusnya dikritisi bersama.
Sudah dicuci dan disucikan blm itu tray MBG sblm dipake.
Poin lainnya, apakah material stainless steel yg digunakan itu food grade karena ada pemberitaan klo materialnya bukan food grade.",0,0,0,0,0,855,"((""food tray MBG"" OR ""tray MBG"" OR ""ompreng MBG"") AND (stainless OR ""ss 304"" OR ""food grade"" OR bahan OR karat))",isu_material,https://x.com/arkho_/status/1969332854002770048,betul ini yang harusnya dikritisi bersama sudah dicuci dan disucikan blm itu tray mbg sblm dipake poin lainnya apakah material stainless steel yg digunakan itu food grade karena ada pemberitaan klo materialnya bukan food grade,8,True,kritisi kebersihan sebelum pakai + keraguan food grade material,llm,negatif,-1,kritik multi-aspek material + sanitasi,llm,"[""material_keamanan"", ""higienitas""]",material food grade + pencucian sebelum pakai,llm
1967622299873649044,1967622299873649044,2025-09-15T16:11:27Z,2025-09-15,243880064,NovalAssegaf,in,Bahan baku minyak babi memang digunakan dalam proses pembuatan ompreng MBG.,349,36,196,9,7,8827,"((""food tray MBG"" OR ""tray MBG"" OR ""ompreng MBG"") AND (stainless OR ""ss 304"" OR ""food grade"" OR bahan OR karat))",isu_material,https://x.com/NovalAssegaf/status/1967622299873649044,bahan baku minyak babi memang digunakan dalam proses pembuatan ompreng mbg,9,True,klaim keras: minyak babi digunakan di proses produksi ompreng MBG,llm,sangat_negatif,-2,tuduhan konkret proses produksi,llm,"[""material_keamanan""]",proses produksi ompreng pakai minyak babi,llm
1951521082118381631,1951478068524228917,2025-08-02T05:50:58Z,2025-08-02,1070505077708775425,gatauahdark,in,@ARSIPAJA Rumornya food tray mbg tuh ga memenuhi standar food grade ya? Ada yang ngecek tuh orang yg punya alatnya.,0,0,0,0,0,79,"((""food tray MBG"" OR ""tray MBG"" OR ""ompreng MBG"") AND (stainless OR ""ss 304"" OR ""food grade"" OR bahan OR karat))",isu_material,https://x.com/gatauahdark/status/1951521082118381631,rumornya food tray mbg tuh ga memenuhi standar food grade ya ada yang ngecek tuh orang yg punya alatnya,7,True,rumor food tray mbg tidak food grade,llm,negatif,-1,rumor + pertanyaan verifikasi,llm,"[""material_keamanan""]",rumor non food grade,llm
1960313033542205934,1960313033542205934,2025-08-26T12:07:02Z,2025-08-26,150589950,PRFMnews,in,"Heboh Ompreng MBG Diduga Mengandung Bahan Berbahaya dan Minyak Babi, Begini Sikap BGN https://t.co/1FJXMCJAbb",0,0,0,0,0,1127,"((""food tray MBG"" OR ""tray MBG"" OR ""ompreng MBG"") AND (stainless OR ""ss 304"" OR ""food grade"" OR bahan OR karat))",isu_material,https://x.com/PRFMnews/status/1960313033542205934,heboh ompreng mbg diduga mengandung bahan berbahaya dan minyak babi begini sikap bgn,7,True,berita heboh ompreng MBG mengandung bahan berbahaya & minyak babi,llm,negatif,-1,berita kontroversial,llm,"[""material_keamanan""]",material diduga berbahaya,llm
1981597488877547773,1981408031008301341,2025-10-24T05:43:52Z,2025-10-24,1526485479834603520,Ridwanffff,in,"@ViktorTorik @v_arumsepty @salam4jari @prabowo @PurbayaYudhi bukan disitu masalahnya pak. tp hygiene dan food safety. kalau dipake ngirim barang non makanan terus dipake untuk ngirim ompreng MBG, makanannya bisa compromised. udh ngga ""food grade"" lg. kecuali dibersihkan disanitasi sampai bersih",1,0,0,0,0,33,"((""food tray MBG"" OR ""tray MBG"" OR ""ompreng MBG"") AND (stainless OR ""ss 304"" OR ""food grade"" OR bahan OR karat))",isu_material,https://x.com/Ridwanffff/status/1981597488877547773,bukan disitu masalahnya pak tp hygiene dan food safety kalau dipake ngirim barang non makanan terus dipake untuk ngirim ompreng mbg makanannya bisa compromised udh ngga food grade lg kecuali dibersihkan disanitasi sampai bersih,9,True,kritik hygiene + food safety: kontainer dipakai non-makanan lalu makanan = compromised food grade,llm,negatif,-1,kritik teknis multi-use container,llm,"[""higienitas"", ""material_keamanan"", ""handling_stackability""]",compromised food grade karena penggunaan ganda + handling,llm
1975778653826130059,1975764859171315803,2025-10-08T04:21:53Z,2025-10-08,1371714760127909892,hiakucl,in,@hrdbacot gw bawa bekal pake stainless kalau makan agak bunyi berasa makan pakai ompreng mbg,0,0,0,0,0,1080,"((""food tray MBG"" OR ""tray MBG"" OR ""ompreng MBG"") AND (stainless OR ""ss 304"" OR ""food grade"" OR bahan OR karat))",isu_material,https://x.com/hiakucl/status/1975778653826130059,gw bawa bekal pake stainless kalau makan agak bunyi berasa makan pakai ompreng mbg,5,True,pengalaman personal bunyi stainless mirip ompreng MBG,llm,netral,0,asosiasi pengalaman personal,llm,"[""ergonomi_penggunaan""]",pengalaman penggunaan stainless,llm
1975134249578856748,1975134249578856748,2025-10-06T09:41:15Z,2025-10-06,1666299675329298433,erakinimedia,in,BPJPH menjamin seluruh produk dalam program Makan Bergizi Gratis (MBG) telah melalui proses sertifikasi halal dan pengawasan ketat. Tidak ada bahan nonhalal yang digunakan.,0,0,0,0,0,63,"((""food tray MBG"" OR ""tray MBG"" OR ""ompreng MBG"") AND (stainless OR ""ss 304"" OR ""food grade"" OR bahan OR karat))",isu_material,https://x.com/erakinimedia/status/1975134249578856748,bpjph menjamin seluruh produk dalam program makan bergizi gratis mbg telah melalui proses sertifikasi halal dan pengawasan ketat tidak ada bahan nonhalal yang digunakan,6,True,BPJPH jaminan halal produk MBG,llm,positif,1,klaim resmi halal,llm,"[""material_keamanan""]",sertifikasi halal material,llm
1972607957411205399,1972526754033013198,2025-09-29T10:22:40Z,2025-09-29,1689127825440493568,Dogelkarya76_82,in,"@ARSIPAJA FoodTray nya sudah terbebas dari bahan Haram belum @cakimiNOW ??!
Juga diduga Beli di China tapi diakui beli di Indonesia, itu saja sudah tidak halal prosesnya.",7,1,0,0,0,267,"((""food tray MBG"" OR ""tray MBG"" OR ""ompreng MBG"") AND (stainless OR ""ss 304"" OR ""food grade"" OR bahan OR karat))",isu_material,https://x.com/Dogelkarya76_82/status/1972607957411205399,foodtray nya sudah terbebas dari bahan haram belum juga diduga beli di china tapi diakui beli di indonesia itu saja sudah tidak halal prosesnya,8,True,pertanyaan bahan halal food tray + dugaan asal China,llm,negatif,-1,kritik proses procurement material,llm,"[""material_keamanan""]",bahan halal + asal material,llm
1971871260872528004,1971871224361111682,2025-09-27T09:35:18Z,2025-09-27,1674554512298901504,Anarchy_136,in,"Seperti umumnya kolonialisme, proyek ini memunculkan aktor2 oportunis.
Susu kotak MBG tiba2 dijual di marketplace.
Ompreng MBG non food grade diimpor dari China.
Bahkan ada yg mark-up sewa rumah untuk dijadikan dapur MBG.",0,1,0,0,1,192,"((""food tray MBG"" OR ""tray MBG"" OR ""ompreng MBG"") AND (stainless OR ""ss 304"" OR ""food grade"" OR bahan OR karat))",isu_material,https://x.com/Anarchy_136/status/1971871260872528004,seperti umumnya kolonialisme proyek ini memunculkan aktor2 oportunis susu kotak mbg tiba2 dijual di marketplace ompreng mbg non food grade diimpor dari china bahkan ada yg mark up sewa rumah untuk dijadikan dapur mbg,8,True,kritik oportunisme: ompreng MBG non food grade diimpor dari China,llm,negatif,-1,kritik politik material non food grade impor,llm,"[""material_keamanan""]",ompreng non food grade impor,llm
1969482280625455433,1969481096766374199,2025-09-20T19:22:21Z,2025-09-20,368297237,itsbiiwen,in,"kedua, adanya dugaan bahwa food tray mbg mengandung bahan-bahan berbahaya",0,2,0,0,0,64,"((""food tray MBG"" OR ""tray MBG"" OR ""ompreng MBG"") AND (stainless OR ""ss 304"" OR ""food grade"" OR bahan OR karat))",isu_material,https://x.com/itsbiiwen/status/1969482280625455433,kedua adanya dugaan bahwa food tray mbg mengandung bahan bahan berbahaya,7,True,dugaan food tray MBG mengandung bahan berbahaya,llm,negatif,-1,dugaan bahan berbahaya,llm,"[""material_keamanan""]",bahan berbahaya material,llm
1973651340040741131,1973651340040741131,2025-10-02T07:28:42Z,2025-10-02,1752301333263392769,salam4jari,in,"Gak cuma menggunakan minyak babi, ompreng MBG ternyata dicuci dengan cara yang higienis.",336,22,115,28,25,13431,"((""food tray MBG"" OR ""tray MBG"" OR ""ompreng MBG"") AND (higienis OR sanitasi OR bersih OR kotor OR kontaminasi))",isu_higiene,https://x.com/salam4jari/status/1973651340040741131,gak cuma menggunakan minyak babi ompreng mbg ternyata dicuci dengan cara yang higienis,9,True,"sarkasme: 'tidak cuma minyak babi, cara cuci pun higienis'",llm,sangat_negatif,-2,sarkasme viral tentang pencucian,llm,"[""higienitas""]",proses pencucian buruk,llm
1983338609890742357,1983338609890742357,2025-10-29T01:02:27Z,2025-10-29,1778094939370672128,tesipulalala,in,Salah satu Kerja Nyata SPPG Cangkringan dalam menjaga kualitas MBG adalah dengan menjaga kebersihan Ompreng MBG tetap higienis. #LanjutkanMBG,0,0,0,0,0,52,"((""food tray MBG"" OR ""tray MBG"" OR ""ompreng MBG"") AND (higienis OR sanitasi OR bersih OR kotor OR kontaminasi))",isu_higiene,https://x.com/tesipulalala/status/1983338609890742357,salah satu kerja nyata sppg cangkringan dalam menjaga kualitas mbg adalah dengan menjaga kebersihan ompreng mbg tetap higienis lanjutkanmbg,6,True,narasi SPPG jaga kebersihan ompreng tetap higienis,llm,positif,1,klaim dukungan kebersihan,llm,"[""higienitas""]",kebersihan ompreng,llm
1976082905152749849,1976082905152749849,2025-10-09T00:30:53Z,2025-10-09,1778415735418884096,martinotto2509,in,"Bukti kalau proses pencucian ompreng MBG yang merupakan program dari Bapak Presiden Prabowo, sangat dijaga kebersihannya dan se higienis mungkin untuk generasi emas Indonesia.",2,0,0,0,0,66,"((""food tray MBG"" OR ""tray MBG"" OR ""ompreng MBG"") AND (higienis OR sanitasi OR bersih OR kotor OR kontaminasi))",isu_higiene,https://x.com/martinotto2509/status/1976082905152749849,bukti kalau proses pencucian ompreng mbg yang merupakan program dari bapak presiden prabowo sangat dijaga kebersihannya dan se higienis mungkin untuk generasi emas indonesia,6,True,klaim kebersihan proses pencucian ompreng,llm,positif,1,klaim dukungan,llm,"[""higienitas""]",kebersihan pencucian,llm
1969030320306458925,1969030320306458925,2025-09-19T13:26:25Z,2025-09-19,3319260420,geloraco,in,PBNU: Food Tray MBG yang Diduga Mengandung Minyak Babi Bisa Digunakan Setelah Dicuci Bersih,11,4,4,3,0,2116,"((""food tray MBG"" OR ""tray MBG"" OR ""ompreng MBG"") AND (higienis OR sanitasi OR bersih OR kotor OR kontaminasi))",isu_higiene,https://x.com/geloraco/status/1969030320306458925,pbnu food tray mbg yang diduga mengandung minyak babi bisa digunakan setelah dicuci bersih,7,True,fatwa PBNU: food tray MBG boleh dipakai setelah dicuci bersih,llm,netral,0,fatwa agama,llm,"[""material_keamanan"", ""higienitas""]",status halal + pencucian,llm
1975384389510176995,1975384389510176995,2025-10-07T02:15:13Z,2025-10-07,23343960,kompascom,in,"Kepala Satuan Pelayanan Pemenuhan Gizi (SPPG) Cinere, Afif Maulana Rivai mengatakan, untuk menjaga wadah atau ompreng Makanan Bergizi Gratis (MBG) tetap higienis, pihaknya menggunakan mesin pencuci piring otomatis untuk membersihkannya.",1,5,1,0,0,2894,"((""food tray MBG"" OR ""tray MBG"" OR ""ompreng MBG"") AND (higienis OR sanitasi OR bersih OR kotor OR kontaminasi))",isu_higiene,https://x.com/kompascom/status/1975384389510176995,kepala satuan pelayanan pemenuhan gizi sppg cinere afif maulana rivai mengatakan untuk menjaga wadah atau ompreng makanan bergizi gratis mbg tetap higienis pihaknya menggunakan mesin pencuci piring otomatis untuk membersihkannya,8,True,SPPG Cinere pakai mesin pencuci otomatis untuk higienitas,llm,positif,1,info positif mekanisasi pencucian,llm,"[""higienitas""]",mesin cuci otomatis untuk kebersihan,llm
1970002934714036427,1969974939307413660,2025-09-22T05:51:15Z,2025-09-22,1869297481915510784,Akunketiga003,in,"@tempodotco Kata bersih ini ambigu, emank gak ada noda minyak babi tapi berani gak bilang ompreng MBG bebas dari kandungan minyak babi?",6,0,0,0,0,375,"((""food tray MBG"" OR ""tray MBG"" OR ""ompreng MBG"") AND (higienis OR sanitasi OR bersih OR kotor OR kontaminasi))",isu_higiene,https://x.com/Akunketiga003/status/1970002934714036427,kata bersih ini ambigu emank gak ada noda minyak babi tapi berani gak bilang ompreng mbg bebas dari kandungan minyak babi,7,True,"pertanyaan kritis: kata 'bersih' ambigu, tetap mengandung minyak babi?",llm,negatif,-1,kritik ambiguitas klaim,llm,"[""material_keamanan"", ""higienitas""]",kontaminasi vs pembersihan,llm
1971537141235876347,1971537141235876347,2025-09-26T11:27:38Z,2025-09-26,98440226,terracotta___,in,Barusan lihat vidio tumpukan tray MBG tergenang sealiran air kotor di Banten. Ya Allah mual banget.,0,0,0,0,0,66,"((""food tray MBG"" OR ""tray MBG"" OR ""ompreng MBG"") AND (higienis OR sanitasi OR bersih OR kotor OR kontaminasi))",isu_higiene,https://x.com/terracotta___/status/1971537141235876347,barusan lihat vidio tumpukan tray mbg tergenang sealiran air kotor di banten ya allah mual banget,10,True,viral video: tumpukan tray MBG tergenang air kotor di Banten,llm,sangat_negatif,-2,keluhan viral kondisi tray tergenang air kotor,llm,"[""higienitas"", ""handling_stackability""]",tumpukan tray tergenang air kotor,llm
1973724897500443081,1973724897500443081,2025-10-02T12:21:00Z,2025-10-02,1243804423001763841,democrazymedia,in,VIRAL Petugas SPPG Cuci Ompreng MBG Asal-Asalan: Dilempar hingga Ngambang di Air Kotor!,9,0,7,1,0,636,"((""food tray MBG"" OR ""tray MBG"" OR ""ompreng MBG"") AND (higienis OR sanitasi OR bersih OR kotor OR kontaminasi))",isu_higiene,https://x.com/democrazymedia/status/1973724897500443081,viral petugas sppg cuci ompreng mbg asal asalan dilempar hingga ngambang di air kotor,10,True,viral: petugas SPPG cuci ompreng asal-asalan di air kotor,llm,sangat_negatif,-2,pelanggaran SOP kebersihan viral,llm,"[""higienitas""]",pencucian ompreng asal-asalan,llm
1975881428790587733,1975828740933623850,2025-10-08T11:10:17Z,2025-10-08,2173331119,riefb79,in,"@MurtadhaOne1 Sy bayangin itu ompreng mbg dipakai berkali kali dicucinya ga bersih udah menjijikkan,pdhl baru dipakai berapa bulan🤦",1,0,0,0,0,34,"((""food tray MBG"" OR ""tray MBG"" OR ""ompreng MBG"") AND (higienis OR sanitasi OR bersih OR kotor OR kontaminasi))",isu_higiene,https://x.com/riefb79/status/1975881428790587733,sy bayangin itu ompreng mbg dipakai berkali kali dicucinya ga bersih udah menjijikkan pdhl baru dipakai berapa bulan,9,True,keluhan menjijikkan: ompreng dipakai berulang dicuci tidak bersih,llm,sangat_negatif,-2,kritik kebersihan penggunaan ulang,llm,"[""higienitas"", ""material_keamanan""]",cuci tidak bersih + reuse,llm
1974315500655292467,1974315500655292467,2025-10-04T03:27:51Z,2025-10-04,1633305177125187584,Tribun_Gto,in,"Viral, Petugas SPPG Cuci Tray MBG Pakai Bak Kotor Air Tak Mengalir, Banjir Kritikan Netizen",0,0,0,0,0,82,"((""food tray MBG"" OR ""tray MBG"" OR ""ompreng MBG"") AND (higienis OR sanitasi OR bersih OR kotor OR kontaminasi))",isu_higiene,https://x.com/Tribun_Gto/status/1974315500655292467,viral petugas sppg cuci tray mbg pakai bak kotor air tak mengalir banjir kritikan netizen,9,True,viral: petugas cuci tray pakai bak kotor air tak mengalir,llm,sangat_negatif,-2,pelanggaran SOP viral,llm,"[""higienitas""]",pencucian dengan air tidak mengalir,llm
1974214518407389375,1974214518407389375,2025-10-03T20:46:34Z,2025-10-03,2377352785,GenZNusantara,in,SPPG Akan Pastikan Ompreng MBG Bersih Sesuai Arahan Presiden Prabowo #MakanBergiziGratis,3,225,26,0,0,1101,"((""food tray MBG"" OR ""tray MBG"" OR ""ompreng MBG"") AND (higienis OR sanitasi OR bersih OR kotor OR kontaminasi))",isu_higiene,https://x.com/GenZNusantara/status/1974214518407389375,sppg akan pastikan ompreng mbg bersih sesuai arahan presiden prabowo makanbergizigratis,7,True,janji SPPG pastikan ompreng MBG bersih,llm,netral,0,respons resmi arahan presiden,llm,"[""higienitas""]",janji kebersihan ompreng,llm
1973948854384079293,1973948724792734192,2025-10-03T03:10:55Z,2025-10-03,2229481177,bbxayi,in,SPPG Polri menerapkan sistem sanitasi ketat untuk memastikan program MBG higienis. Proses pencucian alat masak dan ompreng atau food tray MBG dilakukan dengan membersihkan sisa makanan hingga memanaskannya di dalam oven. #DukunganProgramPemerintah,0,1,0,0,0,22,"((""food tray MBG"" OR ""tray MBG"" OR ""ompreng MBG"") AND (higienis OR sanitasi OR bersih OR kotor OR kontaminasi))",isu_higiene,https://x.com/bbxayi/status/1973948854384079293,sppg polri menerapkan sistem sanitasi ketat untuk memastikan program mbg higienis proses pencucian alat masak dan ompreng atau food tray mbg dilakukan dengan membersihkan sisa makanan hingga memanaskannya di dalam oven dukunganprogrampemerintah,6,True,klaim sanitasi ketat SPPG Polri,llm,positif,1,klaim dukungan,llm,"[""higienitas""]",sistem sanitasi,llm
1983800609859105193,1983800609859105193,2025-10-30T07:38:17Z,2025-10-30,1951161865289211907,ravntte,in,ewhhh tutup ompreng mbg di sekolahku jamuraan bjirrr https://t.co/eEQFHchdBZ,0,0,0,0,0,13,"((""food tray MBG"" OR ""tray MBG"" OR ""ompreng MBG"" OR ""wadah MBG"") AND (tumpah OR bocor OR tutup OR rapat OR kuah))",isu_tumpah_tutup,https://x.com/ravntte/status/1983800609859105193,ewhhh tutup ompreng mbg di sekolahku jamuraan bjirrr,10,True,keluhan eksplisit: tutup ompreng MBG di sekolah berjamur,llm,sangat_negatif,-2,laporan kondisi tutup berjamur,llm,"[""higienitas"", ""kebocoran_tumpah"", ""material_keamanan""]",tutup ompreng berjamur = sanitasi + material tutup,llm
1969199330474016920,1968998882223726952,2025-09-20T00:38:00Z,2025-09-20,482025407,arkho_,in,"@pramudyaarif90 Jadi, dari penjelasan diatas, barang/benda keras seperti tray MBG yang terkenan najis babi bisa disucikan dengan dicuci.
Adapun kalau ada barang yg bukan benda keras mengandung, misalnya kuah bakso, ya kuah bakso itu enggak bisa disucikan tp mangkok basonya bisa disucikan.",4,1,0,0,2,1748,"((""food tray MBG"" OR ""tray MBG"" OR ""ompreng MBG"" OR ""wadah MBG"") AND (tumpah OR bocor OR tutup OR rapat OR kuah))",isu_tumpah_tutup,https://x.com/arkho_/status/1969199330474016920,jadi dari penjelasan diatas barang benda keras seperti tray mbg yang terkenan najis babi bisa disucikan dengan dicuci adapun kalau ada barang yg bukan benda keras mengandung misalnya kuah bakso ya kuah bakso itu enggak bisa disucikan tp mangkok basonya bisa disucikan,8,True,diskusi fiqh + contoh kuah bakso najis vs mangkok bisa disucikan,llm,netral,0,diskusi fiqh,llm,"[""material_keamanan"", ""kebocoran_tumpah""]",status najis tray + kuah,llm
1971932297562935657,1971932297562935657,2025-09-27T13:37:51Z,2025-09-27,1668159022988693505,ashypweetty,in,iya soalnya nyendok pake tutup ompreng mbg nya😅😅,0,0,0,0,0,10,"((""food tray MBG"" OR ""tray MBG"" OR ""ompreng MBG"" OR ""wadah MBG"") AND (tumpah OR bocor OR tutup OR rapat OR kuah))",isu_tumpah_tutup,https://x.com/ashypweetty/status/1971932297562935657,iya soalnya nyendok pake tutup ompreng mbg nya,7,True,pengakuan pakai tutup ompreng sebagai sendok — ergonomi,llm,negatif,-1,workaround ergonomi: tutup jadi sendok,llm,"[""ergonomi_penggunaan"", ""higienitas""]",improvisasi pakai tutup sebagai alat makan,llm
1969689983092138311,1969689983092138311,2025-09-21T09:07:41Z,2025-09-21,1753574707629289472,PutriNisa1983,in,Mf skli LG Mf .NU pusat y pemimpin pak kl ompreng MBG d cuci wlpn pkai sabun cuci piring brp kali it tdk bisa d menempel.memang najis pak.ajaran mn pak kl d cuci akn hilang.skrg minyak goreng tumpah kita lap,0,0,0,0,0,29,"((""food tray MBG"" OR ""tray MBG"" OR ""ompreng MBG"" OR ""wadah MBG"") AND (tumpah OR bocor OR tutup OR rapat OR kuah))",isu_tumpah_tutup,https://x.com/PutriNisa1983/status/1969689983092138311,mf skli lg mf nu pusat y pemimpin pak kl ompreng mbg d cuci wlpn pkai sabun cuci piring brp kali it tdk bisa d menempel memang najis pak ajaran mn pak kl d cuci akn hilang skrg minyak goreng tumpah kita lap,7,True,argumen fiqh: sabun tidak cukup hilangkan najis menempel pada ompreng,llm,negatif,-1,kritik agama pencucian,llm,"[""material_keamanan"", ""higienitas""]",material + pencucian najis,llm
1972706358031163725,1972105654216360221,2025-09-29T16:53:41Z,2025-09-29,274779475,JjanIsTweeting,in,"@zanatul_91 Saya dari mulai ikat 10 ompreng MBG dibantu anak-anak, sampai ngikat 28 sendiri. Lulus ya, S.Pd., Gr.,",0,0,0,0,0,16,"((""food tray MBG"" OR ""tray MBG"" OR ""ompreng MBG"") AND (distribusi OR angkut OR ikat OR rafia OR tumpuk OR handling))",isu_distribusi,https://x.com/JjanIsTweeting/status/1972706358031163725,saya dari mulai ikat 10 ompreng mbg dibantu anak anak sampai ngikat 28 sendiri lulus ya s pd gr,9,True,keluhan eksplisit: guru ikat 28 ompreng MBG sendiri — handling manual,llm,negatif,-1,keluhan beban kerja ngiket ompreng,llm,"[""handling_stackability"", ""ergonomi_penggunaan""]",ikat ompreng = handling manual + beban guru,llm
1973082252654616950,1972888407149088997,2025-09-30T17:47:21Z,2025-09-30,1173949531097948161,simawalisi,in,@zanatul_91 Dua jam pelajaran 2×40 menit sudah diambil untuk distribusi ompreng MBG setiap hari. Ini akan jauh lebih singkat jika murid bawa bekal sendiri yang dimasak oleh ibunya.,0,0,0,0,0,93,"((""food tray MBG"" OR ""tray MBG"" OR ""ompreng MBG"") AND (distribusi OR angkut OR ikat OR rafia OR tumpuk OR handling))",isu_distribusi,https://x.com/simawalisi/status/1973082252654616950,dua jam pelajaran 2 40 menit sudah diambil untuk distribusi ompreng mbg setiap hari ini akan jauh lebih singkat jika murid bawa bekal sendiri yang dimasak oleh ibunya,9,True,2 jam pelajaran habis untuk distribusi ompreng MBG — kritik operasional,llm,sangat_negatif,-2,kritik efisiensi distribusi makan waktu belajar,llm,"[""handling_stackability"", ""ergonomi_penggunaan""]",distribusi & handling makan waktu operasional,llm
1971096340932493519,1971096340932493519,2025-09-25T06:16:03Z,2025-09-25,1512092267955167234,akbarpitopang_,in,MBG yang Prematur dan Setengah Hati? Program Makan Bergizi Gratis Badan Gizi Nasional Keracunan dan isu kehalalan food tray MBG Kesehatan dan keselamatan siswa Distribusi pengawasan makanan Vendor penyedia MBG Viral Trending Sorotan publik,0,0,0,0,0,54,"((""food tray MBG"" OR ""tray MBG"" OR ""ompreng MBG"") AND (distribusi OR angkut OR ikat OR rafia OR tumpuk OR handling))",isu_distribusi,https://x.com/akbarpitopang_/status/1971096340932493519,mbg yang prematur dan setengah hati program makan bergizi gratis badan gizi nasional keracunan dan isu kehalalan food tray mbg kesehatan dan keselamatan siswa distribusi pengawasan makanan vendor penyedia mbg viral trending sorotan publik,6,True,ringkasan isu MBG multi-topik termasuk food tray & distribusi,llm,negatif,-1,ringkasan sorotan publik,llm,"[""material_keamanan"", ""handling_stackability""]",isu kehalalan tray + distribusi,llm
